Date,Id,Nominal,Value,VunitRate
01.01.2020,R01035,1,"81,3069","81,3069"
10.01.2020,R01035,1,"80,2533","80,2533"
11.01.2020,R01035,1,"80,0710","80,071"
14.01.2020,R01035,1,"79,2072","79,2072"
15.01.2020,R01035,1,"79,6662","79,6662"
16.01.2020,R01035,1,"79,9548","79,9548"
17.01.2020,R01035,1,"80,3111","80,3111"
18.01.2020,R01035,1,"80,4917","80,4917"
21.01.2020,R01035,1,"79,7759","79,7759"
22.01.2020,R01035,1,"80,4674","80,4674"
23.01.2020,R01035,1,"80,6752","80,6752"
24.01.2020,R01035,1,"81,3919","81,3919"
25.01.2020,R01035,1,"81,1104","81,1104"
28.01.2020,R01035,1,"81,5194","81,5194"
29.01.2020,R01035,1,"81,7605","81,7605"
30.01.2020,R01035,1,"81,1988","81,1988"
31.01.2020,R01035,1,"81,8332","81,8332"
01.02.2020,R01035,1,"82,9640","82,964"
04.02.2020,R01035,1,"83,9766","83,9766"
05.02.2020,R01035,1,"82,2678","82,2678"
06.02.2020,R01035,1,"82,4297","82,4297"
07.02.2020,R01035,1,"81,5554","81,5554"
08.02.2020,R01035,1,"82,0756","82,0756"
11.02.2020,R01035,1,"82,1177","82,1177"
12.02.2020,R01035,1,"82,5198","82,5198"
13.02.2020,R01035,1,"81,7657","81,7657"
14.02.2020,R01035,1,"82,5485","82,5485"
15.02.2020,R01035,1,"82,7816","82,7816"
18.02.2020,R01035,1,"82,5796","82,5796"
19.02.2020,R01035,1,"82,7987","82,7987"
20.02.2020,R01035,1,"82,8827","82,8827"
21.02.2020,R01035,1,"82,2263","82,2263"
22.02.2020,R01035,1,"82,9866","82,9866"
26.02.2020,R01035,1,"84,1250","84,125"
27.02.2020,R01035,1,"85,0682","85,0682"
28.02.2020,R01035,1,"84,8990","84,899"
29.02.2020,R01035,1,"86,2307","86,2307"
03.03.2020,R01035,1,"84,8195","84,8195"
04.03.2020,R01035,1,"84,9217","84,9217"
05.03.2020,R01035,1,"84,5011","84,5011"
06.03.2020,R01035,1,"85,3990","85,399"
07.03.2020,R01035,1,"87,5972","87,5972"
11.03.2020,R01035,1,"94,0520","94,052"
12.03.2020,R01035,1,"92,5277","92,5277"
13.03.2020,R01035,1,"94,7329","94,7329"
14.03.2020,R01035,1,"92,2684","92,2684"
17.03.2020,R01035,1,"91,7015","91,7015"
18.03.2020,R01035,1,"90,2192","90,2192"
19.03.2020,R01035,1,"93,0263","93,0263"
20.03.2020,R01035,1,"92,4851","92,4851"
21.03.2020,R01035,1,"92,4981","92,4981"
24.03.2020,R01035,1,"93,9600","93,96"
25.03.2020,R01035,1,"91,8200","91,82"
26.03.2020,R01035,1,"92,2778","92,2778"
27.03.2020,R01035,1,"93,8291","93,8291"
28.03.2020,R01035,1,"94,5771","94,5771"
07.04.2020,R01035,1,"93,9429","93,9429"
08.04.2020,R01035,1,"93,0662","93,0662"
09.04.2020,R01035,1,"93,2330","93,233"
10.04.2020,R01035,1,"92,5177","92,5177"
11.04.2020,R01035,1,"91,9607","91,9607"
14.04.2020,R01035,1,"91,9277","91,9277"
15.04.2020,R01035,1,"92,1203","92,1203"
16.04.2020,R01035,1,"92,2684","92,2684"
17.04.2020,R01035,1,"93,3301","93,3301"
18.04.2020,R01035,1,"92,0456","92,0456"
21.04.2020,R01035,1,"92,8916","92,8916"
22.04.2020,R01035,1,"94,4891","94,4891"
23.04.2020,R01035,1,"94,8998","94,8998"
24.04.2020,R01035,1,"92,7092","92,7092"
25.04.2020,R01035,1,"91,9309","91,9309"
28.04.2020,R01035,1,"92,5613","92,5613"
29.04.2020,R01035,1,"92,9746","92,9746"
30.04.2020,R01035,1,"91,7359","91,7359"
01.05.2020,R01035,1,"90,6679","90,6679"
07.05.2020,R01035,1,"91,5402","91,5402"
08.05.2020,R01035,1,"91,6455","91,6455"
09.05.2020,R01035,1,"91,5059","91,5059"
13.05.2020,R01035,1,"90,5571","90,5571"
14.05.2020,R01035,1,"90,3144","90,3144"
15.05.2020,R01035,1,"90,2683","90,2683"
16.05.2020,R01035,1,"89,3840","89,384"
19.05.2020,R01035,1,"88,4296","88,4296"
20.05.2020,R01035,1,"88,5352","88,5352"
21.05.2020,R01035,1,"88,5057","88,5057"
22.05.2020,R01035,1,"86,5556","86,5556"
23.05.2020,R01035,1,"87,5216","87,5216"
26.05.2020,R01035,1,"87,1326","87,1326"
27.05.2020,R01035,1,"87,2400","87,24"
28.05.2020,R01035,1,"87,4650","87,465"
29.05.2020,R01035,1,"87,0919","87,0919"
30.05.2020,R01035,1,"87,0603","87,0603"
02.06.2020,R01035,1,"86,4561","86,4561"
03.06.2020,R01035,1,"86,4289","86,4289"
04.06.2020,R01035,1,"86,0007","86,0007"
05.06.2020,R01035,1,"86,3379","86,3379"
06.06.2020,R01035,1,"86,8468","86,8468"
09.06.2020,R01035,1,"86,6883","86,6883"
10.06.2020,R01035,1,"86,9007","86,9007"
11.06.2020,R01035,1,"87,6462","87,6462"
12.06.2020,R01035,1,"87,6673","87,6673"
16.06.2020,R01035,1,"88,2613","88,2613"
17.06.2020,R01035,1,"88,0624","88,0624"
18.06.2020,R01035,1,"87,3600","87,36"
19.06.2020,R01035,1,"87,1687","87,1687"
20.06.2020,R01035,1,"86,3951","86,3951"
23.06.2020,R01035,1,"86,2846","86,2846"
24.06.2020,R01035,1,"86,0263","86,0263"
25.06.2020,R01035,1,"85,9300","85,93"
26.06.2020,R01035,1,"86,4157","86,4157"
27.06.2020,R01035,1,"85,7607","85,7607"
30.06.2020,R01035,1,"86,3619","86,3619"
01.07.2020,R01035,1,"86,5724","86,5724"
02.07.2020,R01035,1,"87,3965","87,3965"
03.07.2020,R01035,1,"88,2485","88,2485"
04.07.2020,R01035,1,"87,8711","87,8711"
07.07.2020,R01035,1,"89,0905","89,0905"
08.07.2020,R01035,1,"90,0272","90,0272"
09.07.2020,R01035,1,"89,3679","89,3679"
10.07.2020,R01035,1,"89,5994","89,5994"
11.07.2020,R01035,1,"89,6712","89,6712"
14.07.2020,R01035,1,"89,1990","89,199"
15.07.2020,R01035,1,"88,9805","88,9805"
16.07.2020,R01035,1,"89,3493","89,3493"
17.07.2020,R01035,1,"89,3522","89,3522"
18.07.2020,R01035,1,"89,9507","89,9507"
21.07.2020,R01035,1,"90,5292","90,5292"
22.07.2020,R01035,1,"90,0427","90,0427"
23.07.2020,R01035,1,"89,5611","89,5611"
24.07.2020,R01035,1,"90,2224","90,2224"
25.07.2020,R01035,1,"91,1864","91,1864"
28.07.2020,R01035,1,"91,8793","91,8793"
29.07.2020,R01035,1,"92,4526","92,4526"
30.07.2020,R01035,1,"93,6307","93,6307"
31.07.2020,R01035,1,"95,2329","95,2329"
01.08.2020,R01035,1,"96,3277","96,3277"
04.08.2020,R01035,1,"97,1107","97,1107"
05.08.2020,R01035,1,"95,8130","95,813"
06.08.2020,R01035,1,"95,6971","95,6971"
07.08.2020,R01035,1,"96,1714","96,1714"
08.08.2020,R01035,1,"96,4211","96,4211"
11.08.2020,R01035,1,"96,3280","96,328"
12.08.2020,R01035,1,"95,7270","95,727"
13.08.2020,R01035,1,"95,6743","95,6743"
14.08.2020,R01035,1,"96,2481","96,2481"
15.08.2020,R01035,1,"95,6710","95,671"
18.08.2020,R01035,1,"95,4635","95,4635"
19.08.2020,R01035,1,"96,6073","96,6073"
20.08.2020,R01035,1,"97,0346","97,0346"
21.08.2020,R01035,1,"96,4631","96,4631"
22.08.2020,R01035,1,"97,7822","97,7822"
25.08.2020,R01035,1,"97,3765","97,3765"
26.08.2020,R01035,1,"97,5146","97,5146"
27.08.2020,R01035,1,"99,3323","99,3323"
28.08.2020,R01035,1,"99,4236","99,4236"
29.08.2020,R01035,1,"99,0971","99,0971"
01.09.2020,R01035,1,"98,1813","98,1813"
02.09.2020,R01035,1,"98,8098","98,8098"
03.09.2020,R01035,1,"98,5793","98,5793"
04.09.2020,R01035,1,"100,3347","100,3347"
05.09.2020,R01035,1,"99,9398","99,9398"
08.09.2020,R01035,1,"99,9615","99,9615"
09.09.2020,R01035,1,"99,7034","99,7034"
10.09.2020,R01035,1,"98,5504","98,5504"
11.09.2020,R01035,1,"98,2611","98,2611"
12.09.2020,R01035,1,"96,0534","96,0534"
15.09.2020,R01035,1,"96,0160","96,016"
16.09.2020,R01035,1,"96,9705","96,9705"
17.09.2020,R01035,1,"96,6644","96,6644"
18.09.2020,R01035,1,"97,3839","97,3839"
19.09.2020,R01035,1,"97,4439","97,4439"
22.09.2020,R01035,1,"97,7850","97,785"
23.09.2020,R01035,1,"97,7719","97,7719"
24.09.2020,R01035,1,"96,8022","96,8022"
25.09.2020,R01035,1,"98,2244","98,2244"
26.09.2020,R01035,1,"98,0908","98,0908"
29.09.2020,R01035,1,"100,7701","100,7701"
30.09.2020,R01035,1,"102,6097","102,6097"
01.10.2020,R01035,1,"101,0729","101,0729"
02.10.2020,R01035,1,"99,4792","99,4792"
03.10.2020,R01035,1,"101,0114","101,0114"
06.10.2020,R01035,1,"101,1603","101,1603"
07.10.2020,R01035,1,"101,8142","101,8142"
08.10.2020,R01035,1,"100,8716","100,8716"
09.10.2020,R01035,1,"101,0255","101,0255"
10.10.2020,R01035,1,"99,7056","99,7056"
13.10.2020,R01035,1,"100,3621","100,3621"
14.10.2020,R01035,1,"100,7416","100,7416"
15.10.2020,R01035,1,"99,6859","99,6859"
16.10.2020,R01035,1,"101,1584","101,1584"
17.10.2020,R01035,1,"100,8625","100,8625"
20.10.2020,R01035,1,"101,2234","101,2234"
21.10.2020,R01035,1,"100,6836","100,6836"
22.10.2020,R01035,1,"100,5116","100,5116"
23.10.2020,R01035,1,"101,2226","101,2226"
24.10.2020,R01035,1,"100,1943","100,1943"
27.10.2020,R01035,1,"99,5228","99,5228"
28.10.2020,R01035,1,"99,4458","99,4458"
29.10.2020,R01035,1,"100,8796","100,8796"
30.10.2020,R01035,1,"102,4678","102,4678"
31.10.2020,R01035,1,"102,5449","102,5449"
03.11.2020,R01035,1,"103,7080","103,708"
04.11.2020,R01035,1,"103,7208","103,7208"
06.11.2020,R01035,1,"102,1417","102,1417"
07.11.2020,R01035,1,"101,4630","101,463"
10.11.2020,R01035,1,"101,2605","101,2605"
11.11.2020,R01035,1,"100,9597","100,9597"
12.11.2020,R01035,1,"101,1959","101,1959"
13.11.2020,R01035,1,"101,6682","101,6682"
14.11.2020,R01035,1,"101,7535","101,7535"
17.11.2020,R01035,1,"101,6955","101,6955"
18.11.2020,R01035,1,"100,7455","100,7455"
19.11.2020,R01035,1,"100,9143","100,9143"
20.11.2020,R01035,1,"100,7507","100,7507"
21.11.2020,R01035,1,"100,8071","100,8071"
24.11.2020,R01035,1,"101,1472","101,1472"
25.11.2020,R01035,1,"101,3869","101,3869"
26.11.2020,R01035,1,"100,8315","100,8315"
27.11.2020,R01035,1,"100,8489","100,8489"
28.11.2020,R01035,1,"101,3792","101,3792"
01.12.2020,R01035,1,"101,6507","101,6507"
02.12.2020,R01035,1,"102,2158","102,2158"
03.12.2020,R01035,1,"101,0747","101,0747"
04.12.2020,R01035,1,"100,7900","100,79"
05.12.2020,R01035,1,"99,9890","99,989"
08.12.2020,R01035,1,"98,5380","98,538"
09.12.2020,R01035,1,"98,2943","98,2943"
10.12.2020,R01035,1,"98,3689","98,3689"
11.12.2020,R01035,1,"98,1775","98,1775"
12.12.2020,R01035,1,"96,7371","96,7371"
15.12.2020,R01035,1,"97,6495","97,6495"
16.12.2020,R01035,1,"97,8585","97,8585"
17.12.2020,R01035,1,"99,1465","99,1465"
18.12.2020,R01035,1,"99,0751","99,0751"
19.12.2020,R01035,1,"99,2692","99,2692"
22.12.2020,R01035,1,"99,0973","99,0973"
23.12.2020,R01035,1,"101,2023","101,2023"
24.12.2020,R01035,1,"101,1955","101,1955"
25.12.2020,R01035,1,"101,6017","101,6017"
26.12.2020,R01035,1,"99,9265","99,9265"
29.12.2020,R01035,1,"100,0199","100,0199"
30.12.2020,R01035,1,"99,5470","99,547"
31.12.2020,R01035,1,"100,0425","100,0425"
01.01.2021,R01035,1,"100,8477","100,8477"
12.01.2021,R01035,1,"100,6260","100,626"
13.01.2021,R01035,1,"100,6011","100,6011"
14.01.2021,R01035,1,"100,5988","100,5988"
15.01.2021,R01035,1,"100,8276","100,8276"
16.01.2021,R01035,1,"100,3599","100,3599"
19.01.2021,R01035,1,"100,1453","100,1453"
20.01.2021,R01035,1,"100,2282","100,2282"
21.01.2021,R01035,1,"100,2836","100,2836"
22.01.2021,R01035,1,"100,5674","100,5674"
23.01.2021,R01035,1,"101,6150","101,615"
26.01.2021,R01035,1,"102,6064","102,6064"
27.01.2021,R01035,1,"103,0381","103,0381"
28.01.2021,R01035,1,"103,0674","103,0674"
29.01.2021,R01035,1,"103,9550","103,955"
30.01.2021,R01035,1,"104,2832","104,2832"
02.02.2021,R01035,1,"103,6688","103,6688"
03.02.2021,R01035,1,"103,9444","103,9444"
04.02.2021,R01035,1,"104,0243","104,0243"
05.02.2021,R01035,1,"102,8858","102,8858"
06.02.2021,R01035,1,"102,8941","102,8941"
09.02.2021,R01035,1,"101,8330","101,833"
10.02.2021,R01035,1,"102,0547","102,0547"
11.02.2021,R01035,1,"102,1529","102,1529"
12.02.2021,R01035,1,"101,9482","101,9482"
13.02.2021,R01035,1,"101,9824","101,9824"
16.02.2021,R01035,1,"101,9218","101,9218"
17.02.2021,R01035,1,"102,0703","102,0703"
18.02.2021,R01035,1,"102,4401","102,4401"
19.02.2021,R01035,1,"102,4742","102,4742"
20.02.2021,R01035,1,"103,4050","103,405"
21.02.2021,R01035,1,"103,7024","103,7024"
25.02.2021,R01035,1,"104,5747","104,5747"
26.02.2021,R01035,1,"103,8785","103,8785"
27.02.2021,R01035,1,"103,8251","103,8251"
02.03.2021,R01035,1,"103,2851","103,2851"
03.03.2021,R01035,1,"103,5481","103,5481"
04.03.2021,R01035,1,"102,6762","102,6762"
05.03.2021,R01035,1,"102,9099","102,9099"
06.03.2021,R01035,1,"103,1342","103,1342"
10.03.2021,R01035,1,"103,0562","103,0562"
11.03.2021,R01035,1,"102,8258","102,8258"
12.03.2021,R01035,1,"102,5099","102,5099"
13.03.2021,R01035,1,"102,4997","102,4997"
16.03.2021,R01035,1,"102,0337","102,0337"
17.03.2021,R01035,1,"100,9574","100,9574"
18.03.2021,R01035,1,"101,6994","101,6994"
19.03.2021,R01035,1,"102,8858","102,8858"
20.03.2021,R01035,1,"103,3424","103,3424"
23.03.2021,R01035,1,"103,4148","103,4148"
24.03.2021,R01035,1,"104,0701","104,0701"
25.03.2021,R01035,1,"104,2694","104,2694"
26.03.2021,R01035,1,"104,3128","104,3128"
27.03.2021,R01035,1,"104,3637","104,3637"
30.03.2021,R01035,1,"104,8332","104,8332"
31.03.2021,R01035,1,"104,1588","104,1588"
01.04.2021,R01035,1,"104,1299","104,1299"
02.04.2021,R01035,1,"104,5383","104,5383"
03.04.2021,R01035,1,"105,2856","105,2856"
06.04.2021,R01035,1,"106,1978","106,1978"
07.04.2021,R01035,1,"105,8095","105,8095"
08.04.2021,R01035,1,"107,4045","107,4045"
09.04.2021,R01035,1,"105,9369","105,9369"
10.04.2021,R01035,1,"105,7633","105,7633"
13.04.2021,R01035,1,"106,4915","106,4915"
14.04.2021,R01035,1,"106,2236","106,2236"
15.04.2021,R01035,1,"104,4193","104,4193"
16.04.2021,R01035,1,"106,1026","106,1026"
17.04.2021,R01035,1,"103,8861","103,8861"
20.04.2021,R01035,1,"105,8109","105,8109"
21.04.2021,R01035,1,"106,4217","106,4217"
22.04.2021,R01035,1,"107,0945","107,0945"
23.04.2021,R01035,1,"106,3332","106,3332"
24.04.2021,R01035,1,"104,1939","104,1939"
27.04.2021,R01035,1,"104,1219","104,1219"
28.04.2021,R01035,1,"104,0189","104,0189"
29.04.2021,R01035,1,"104,0378","104,0378"
30.04.2021,R01035,1,"103,7782","103,7782"
01.05.2021,R01035,1,"104,1694","104,1694"
05.05.2021,R01035,1,"104,4638","104,4638"
06.05.2021,R01035,1,"103,9979","103,9979"
07.05.2021,R01035,1,"103,6695","103,6695"
08.05.2021,R01035,1,"103,2288","103,2288"
12.05.2021,R01035,1,"104,6277","104,6277"
13.05.2021,R01035,1,"104,6703","104,6703"
14.05.2021,R01035,1,"104,4487","104,4487"
15.05.2021,R01035,1,"104,0543","104,0543"
18.05.2021,R01035,1,"104,0672","104,0672"
19.05.2021,R01035,1,"104,6160","104,616"
20.05.2021,R01035,1,"104,4678","104,4678"
21.05.2021,R01035,1,"103,9904","103,9904"
22.05.2021,R01035,1,"104,4104","104,4104"
25.05.2021,R01035,1,"104,0916","104,0916"
26.05.2021,R01035,1,"104,0466","104,0466"
27.05.2021,R01035,1,"103,9506","103,9506"
28.05.2021,R01035,1,"103,8549","103,8549"
29.05.2021,R01035,1,"104,4567","104,4567"
01.06.2021,R01035,1,"103,8978","103,8978"
02.06.2021,R01035,1,"103,9291","103,9291"
03.06.2021,R01035,1,"103,8893","103,8893"
04.06.2021,R01035,1,"103,8072","103,8072"
05.06.2021,R01035,1,"103,4236","103,4236"
08.06.2021,R01035,1,"103,0347","103,0347"
09.06.2021,R01035,1,"102,9317","102,9317"
10.06.2021,R01035,1,"102,2280","102,228"
11.06.2021,R01035,1,"101,7334","101,7334"
12.06.2021,R01035,1,"101,4554","101,4554"
16.06.2021,R01035,1,"101,3259","101,3259"
17.06.2021,R01035,1,"101,6304","101,6304"
18.06.2021,R01035,1,"101,4270","101,427"
19.06.2021,R01035,1,"100,3808","100,3808"
22.06.2021,R01035,1,"101,2704","101,2704"
23.06.2021,R01035,1,"101,4594","101,4594"
24.06.2021,R01035,1,"101,5232","101,5232"
25.06.2021,R01035,1,"101,1334","101,1334"
26.06.2021,R01035,1,"100,3660","100,366"
29.06.2021,R01035,1,"100,3342","100,3342"
30.06.2021,R01035,1,"100,1994","100,1994"
01.07.2021,R01035,1,"100,6346","100,6346"
02.07.2021,R01035,1,"100,6066","100,6066"
03.07.2021,R01035,1,"101,3271","101,3271"
06.07.2021,R01035,1,"101,5953","101,5953"
07.07.2021,R01035,1,"101,5100","101,51"
08.07.2021,R01035,1,"102,2074","102,2074"
09.07.2021,R01035,1,"103,6115","103,6115"
10.07.2021,R01035,1,"102,6386","102,6386"
13.07.2021,R01035,1,"103,5541","103,5541"
14.07.2021,R01035,1,"102,6308","102,6308"
15.07.2021,R01035,1,"102,6982","102,6982"
16.07.2021,R01035,1,"102,6904","102,6904"
17.07.2021,R01035,1,"102,7119","102,7119"
20.07.2021,R01035,1,"102,0329","102,0329"
21.07.2021,R01035,1,"101,8143","101,8143"
22.07.2021,R01035,1,"101,4618","101,4618"
23.07.2021,R01035,1,"101,2857","101,2857"
24.07.2021,R01035,1,"101,3106","101,3106"
27.07.2021,R01035,1,"101,8773","101,8773"
28.07.2021,R01035,1,"101,7465","101,7465"
29.07.2021,R01035,1,"102,0954","102,0954"
30.07.2021,R01035,1,"102,1811","102,1811"
31.07.2021,R01035,1,"102,2042","102,2042"
03.08.2021,R01035,1,"101,6888","101,6888"
04.08.2021,R01035,1,"101,4238","101,4238"
05.08.2021,R01035,1,"101,3541","101,3541"
06.08.2021,R01035,1,"101,7767","101,7767"
07.08.2021,R01035,1,"101,7683","101,7683"
10.08.2021,R01035,1,"101,8965","101,8965"
11.08.2021,R01035,1,"102,0117","102,0117"
12.08.2021,R01035,1,"102,2406","102,2406"
13.08.2021,R01035,1,"102,0229","102,0229"
14.08.2021,R01035,1,"101,3842","101,3842"
17.08.2021,R01035,1,"101,7580","101,758"
18.08.2021,R01035,1,"101,4767","101,4767"
19.08.2021,R01035,1,"101,0855","101,0855"
20.08.2021,R01035,1,"101,5414","101,5414"
21.08.2021,R01035,1,"101,3210","101,321"
24.08.2021,R01035,1,"101,1009","101,1009"
25.08.2021,R01035,1,"101,3141","101,3141"
26.08.2021,R01035,1,"101,3447","101,3447"
27.08.2021,R01035,1,"101,6782","101,6782"
28.08.2021,R01035,1,"101,3690","101,369"
31.08.2021,R01035,1,"101,3119","101,3119"
01.09.2021,R01035,1,"100,9479","100,9479"
02.09.2021,R01035,1,"100,6965","100,6965"
03.09.2021,R01035,1,"100,3861","100,3861"
04.09.2021,R01035,1,"100,8088","100,8088"
07.09.2021,R01035,1,"101,0045","101,0045"
08.09.2021,R01035,1,"101,0986","101,0986"
09.09.2021,R01035,1,"101,0196","101,0196"
10.09.2021,R01035,1,"100,9619","100,9619"
11.09.2021,R01035,1,"100,9982","100,9982"
14.09.2021,R01035,1,"100,9730","100,973"
15.09.2021,R01035,1,"100,8877","100,8877"
16.09.2021,R01035,1,"100,7762","100,7762"
17.09.2021,R01035,1,"100,0805","100,0805"
18.09.2021,R01035,1,"100,1621","100,1621"
21.09.2021,R01035,1,"100,2222","100,2222"
22.09.2021,R01035,1,"100,1687","100,1687"
23.09.2021,R01035,1,"99,4310","99,431"
24.09.2021,R01035,1,"99,4362","99,4362"
25.09.2021,R01035,1,"100,0722","100,0722"
28.09.2021,R01035,1,"99,4951","99,4951"
29.09.2021,R01035,1,"99,0681","99,0681"
30.09.2021,R01035,1,"98,3726","98,3726"
01.10.2021,R01035,1,"97,6462","97,6462"
02.10.2021,R01035,1,"98,1742","98,1742"
05.10.2021,R01035,1,"98,8046","98,8046"
06.10.2021,R01035,1,"98,8021","98,8021"
07.10.2021,R01035,1,"98,4750","98,475"
08.10.2021,R01035,1,"98,1419","98,1419"
09.10.2021,R01035,1,"97,8608","97,8608"
12.10.2021,R01035,1,"97,6918","97,6918"
13.10.2021,R01035,1,"97,6922","97,6922"
14.10.2021,R01035,1,"97,9780","97,978"
15.10.2021,R01035,1,"98,3449","98,3449"
16.10.2021,R01035,1,"97,7729","97,7729"
19.10.2021,R01035,1,"97,6899","97,6899"
20.10.2021,R01035,1,"97,8428","97,8428"
21.10.2021,R01035,1,"97,9500","97,95"
22.10.2021,R01035,1,"97,9668","97,9668"
23.10.2021,R01035,1,"97,6482","97,6482"
26.10.2021,R01035,1,"96,6453","96,6453"
27.10.2021,R01035,1,"95,8018","95,8018"
28.10.2021,R01035,1,"95,9823","95,9823"
29.10.2021,R01035,1,"97,0083","97,0083"
30.10.2021,R01035,1,"97,2118","97,2118"
02.11.2021,R01035,1,"97,2034","97,2034"
03.11.2021,R01035,1,"97,5750","97,575"
04.11.2021,R01035,1,"97,3733","97,3733"
09.11.2021,R01035,1,"96,0725","96,0725"
10.11.2021,R01035,1,"96,6860","96,686"
11.11.2021,R01035,1,"95,7210","95,721"
12.11.2021,R01035,1,"95,2394","95,2394"
13.11.2021,R01035,1,"96,0842","96,0842"
16.11.2021,R01035,1,"96,9751","96,9751"
17.11.2021,R01035,1,"97,6304","97,6304"
18.11.2021,R01035,1,"97,9685","97,9685"
19.11.2021,R01035,1,"98,0202","98,0202"
20.11.2021,R01035,1,"98,1410","98,141"
23.11.2021,R01035,1,"98,5854","98,5854"
24.11.2021,R01035,1,"100,1860","100,186"
25.11.2021,R01035,1,"99,4734","99,4734"
26.11.2021,R01035,1,"99,5393","99,5393"
27.11.2021,R01035,1,"100,5613","100,5613"
30.11.2021,R01035,1,"99,9432","99,9432"
01.12.2021,R01035,1,"99,8843","99,8843"
02.12.2021,R01035,1,"98,3344","98,3344"
03.12.2021,R01035,1,"98,4158","98,4158"
04.12.2021,R01035,1,"97,9449","97,9449"
07.12.2021,R01035,1,"97,6341","97,6341"
08.12.2021,R01035,1,"98,4578","98,4578"
09.12.2021,R01035,1,"97,7638","97,7638"
10.12.2021,R01035,1,"97,1517","97,1517"
11.12.2021,R01035,1,"97,2334","97,2334"
14.12.2021,R01035,1,"97,1884","97,1884"
15.12.2021,R01035,1,"97,0610","97,061"
16.12.2021,R01035,1,"97,9634","97,9634"
17.12.2021,R01035,1,"97,7903","97,7903"
18.12.2021,R01035,1,"98,2713","98,2713"
21.12.2021,R01035,1,"98,0987","98,0987"
22.12.2021,R01035,1,"97,7680","97,768"
23.12.2021,R01035,1,"97,9490","97,949"
24.12.2021,R01035,1,"98,1974","98,1974"
25.12.2021,R01035,1,"98,1459","98,1459"
28.12.2021,R01035,1,"98,2200","98,22"
29.12.2021,R01035,1,"98,7638","98,7638"
30.12.2021,R01035,1,"98,8254","98,8254"
31.12.2021,R01035,1,"100,0573","100,0573"
11.01.2022,R01035,1,"102,0436","102,0436"
12.01.2022,R01035,1,"101,9035","101,9035"
13.01.2022,R01035,1,"101,5663","101,5663"
14.01.2022,R01035,1,"102,4945","102,4945"
15.01.2022,R01035,1,"104,0505","104,0505"
18.01.2022,R01035,1,"104,0461","104,0461"
19.01.2022,R01035,1,"104,1816","104,1816"
20.01.2022,R01035,1,"104,4813","104,4813"
21.01.2022,R01035,1,"104,2041","104,2041"
22.01.2022,R01035,1,"103,9997","103,9997"
25.01.2022,R01035,1,"104,8449","104,8449"
26.01.2022,R01035,1,"106,0018","106,0018"
27.01.2022,R01035,1,"106,6135","106,6135"
28.01.2022,R01035,1,"105,8995","105,8995"
29.01.2022,R01035,1,"104,0808","104,0808"
01.02.2022,R01035,1,"104,1432","104,1432"
02.02.2022,R01035,1,"103,9175","103,9175"
03.02.2022,R01035,1,"103,5988","103,5988"
04.02.2022,R01035,1,"103,8762","103,8762"
05.02.2022,R01035,1,"103,2771","103,2771"
08.02.2022,R01035,1,"102,4640","102,464"
09.02.2022,R01035,1,"101,8791","101,8791"
10.02.2022,R01035,1,"101,4608","101,4608"
11.02.2022,R01035,1,"101,2736","101,2736"
12.02.2022,R01035,1,"101,6295","101,6295"
15.02.2022,R01035,1,"103,4621","103,4621"
16.02.2022,R01035,1,"103,2887","103,2887"
17.02.2022,R01035,1,"101,6891","101,6891"
18.02.2022,R01035,1,"102,8494","102,8494"
19.02.2022,R01035,1,"103,2786","103,2786"
22.02.2022,R01035,1,"104,6259","104,6259"
23.02.2022,R01035,1,"109,2015","109,2015"
25.02.2022,R01035,1,"117,1539","117,1539"
26.02.2022,R01035,1,"111,8213","111,8213"
01.03.2022,R01035,1,"125,0415","125,0415"
02.03.2022,R01035,1,"123,1411","123,1411"
03.03.2022,R01035,1,"137,2898","137,2898"
04.03.2022,R01035,1,"149,7424","149,7424"
05.03.2022,R01035,1,"140,9421","140,9421"
06.03.2022,R01035,1,"139,9581","139,9581"
10.03.2022,R01035,1,"152,4773","152,4773"
11.03.2022,R01035,1,"158,3338","158,3338"
12.03.2022,R01035,1,"153,5635","153,5635"
15.03.2022,R01035,1,"151,5177","151,5177"
16.03.2022,R01035,1,"145,7631","145,7631"
17.03.2022,R01035,1,"141,3646","141,3646"
18.03.2022,R01035,1,"137,3839","137,3839"
19.03.2022,R01035,1,"136,3024","136,3024"
22.03.2022,R01035,1,"138,0021","138,0021"
23.03.2022,R01035,1,"138,0023","138,0023"
24.03.2022,R01035,1,"136,0395","136,0395"
25.03.2022,R01035,1,"126,6940","126,694"
26.03.2022,R01035,1,"126,1110","126,111"
29.03.2022,R01035,1,"122,7165","122,7165"
30.03.2022,R01035,1,"113,3603","113,3603"
31.03.2022,R01035,1,"110,6224","110,6224"
01.04.2022,R01035,1,"109,5586","109,5586"
02.04.2022,R01035,1,"109,2663","109,2663"
05.04.2022,R01035,1,"109,5907","109,5907"
06.04.2022,R01035,1,"109,3245","109,3245"
07.04.2022,R01035,1,"108,3249","108,3249"
08.04.2022,R01035,1,"99,8479","99,8479"
09.04.2022,R01035,1,"97,7991","97,7991"
12.04.2022,R01035,1,"102,9629","102,9629"
13.04.2022,R01035,1,"103,8421","103,8421"
14.04.2022,R01035,1,"104,1046","104,1046"
15.04.2022,R01035,1,"105,9833","105,9833"
16.04.2022,R01035,1,"104,3610","104,361"
19.04.2022,R01035,1,"103,5907","103,5907"
20.04.2022,R01035,1,"103,1166","103,1166"
21.04.2022,R01035,1,"100,1281","100,1281"
22.04.2022,R01035,1,"97,8587","97,8587"
23.04.2022,R01035,1,"95,7844","95,7844"
26.04.2022,R01035,1,"94,2177","94,2177"
27.04.2022,R01035,1,"92,4639","92,4639"
28.04.2022,R01035,1,"91,9773","91,9773"
29.04.2022,R01035,1,"90,3908","90,3908"
30.04.2022,R01035,1,"88,3464","88,3464"
05.05.2022,R01035,1,"86,8672","86,8672"
06.05.2022,R01035,1,"82,7906","82,7906"
07.05.2022,R01035,1,"83,3813","83,3813"
12.05.2022,R01035,1,"84,7613","84,7613"
13.05.2022,R01035,1,"81,1868","81,1868"
14.05.2022,R01035,1,"77,9901","77,9901"
17.05.2022,R01035,1,"77,5292","77,5292"
18.05.2022,R01035,1,"77,8399","77,8399"
19.05.2022,R01035,1,"79,2647","79,2647"
20.05.2022,R01035,1,"77,4610","77,461"
21.05.2022,R01035,1,"73,5430","73,543"
24.05.2022,R01035,1,"72,5630","72,563"
25.05.2022,R01035,1,"71,6157","71,6157"
26.05.2022,R01035,1,"70,5152","70,5152"
27.05.2022,R01035,1,"77,8411","77,8411"
28.05.2022,R01035,1,"83,4884","83,4884"
31.05.2022,R01035,1,"79,5975","79,5975"
01.06.2022,R01035,1,"77,9204","77,9204"
02.06.2022,R01035,1,"77,4625","77,4625"
03.06.2022,R01035,1,"77,5907","77,5907"
04.06.2022,R01035,1,"78,0832","78,0832"
07.06.2022,R01035,1,"76,3623","76,3623"
08.06.2022,R01035,1,"76,5431","76,5431"
09.06.2022,R01035,1,"75,7671","75,7671"
10.06.2022,R01035,1,"73,2730","73,273"
11.06.2022,R01035,1,"72,4536","72,4536"
15.06.2022,R01035,1,"69,2590","69,259"
16.06.2022,R01035,1,"68,0005","68,0005"
17.06.2022,R01035,1,"68,6183","68,6183"
18.06.2022,R01035,1,"69,6060","69,606"
21.06.2022,R01035,1,"68,4296","68,4296"
22.06.2022,R01035,1,"67,0448","67,0448"
23.06.2022,R01035,1,"65,4370","65,437"
24.06.2022,R01035,1,"65,3846","65,3846"
25.06.2022,R01035,1,"65,2785","65,2785"
28.06.2022,R01035,1,"65,5738","65,5738"
29.06.2022,R01035,1,"65,1689","65,1689"
30.06.2022,R01035,1,"62,4179","62,4179"
01.07.2022,R01035,1,"63,6502","63,6502"
02.07.2022,R01035,1,"65,2900","65,29"
05.07.2022,R01035,1,"66,8907","66,8907"
06.07.2022,R01035,1,"70,8987","70,8987"
07.07.2022,R01035,1,"74,9647","74,9647"
08.07.2022,R01035,1,"75,2156","75,2156"
09.07.2022,R01035,1,"73,5258","73,5258"
12.07.2022,R01035,1,"73,7187","73,7187"
13.07.2022,R01035,1,"69,9481","69,9481"
14.07.2022,R01035,1,"69,5831","69,5831"
15.07.2022,R01035,1,"69,6402","69,6402"
16.07.2022,R01035,1,"68,1554","68,1554"
19.07.2022,R01035,1,"67,0538","67,0538"
20.07.2022,R01035,1,"66,6685","66,6685"
21.07.2022,R01035,1,"65,9670","65,967"
22.07.2022,R01035,1,"67,7627","67,7627"
23.07.2022,R01035,1,"68,5659","68,5659"
26.07.2022,R01035,1,"69,5696","69,5696"
27.07.2022,R01035,1,"70,6566","70,6566"
28.07.2022,R01035,1,"72,5287","72,5287"
29.07.2022,R01035,1,"72,4303","72,4303"
30.07.2022,R01035,1,"74,2711","74,2711"
02.08.2022,R01035,1,"75,4659","75,4659"
03.08.2022,R01035,1,"73,8939","73,8939"
04.08.2022,R01035,1,"73,5981","73,5981"
05.08.2022,R01035,1,"72,9845","72,9845"
06.08.2022,R01035,1,"73,1136","73,1136"
09.08.2022,R01035,1,"72,7416","72,7416"
10.08.2022,R01035,1,"73,1762","73,1762"
11.08.2022,R01035,1,"73,0770","73,077"
12.08.2022,R01035,1,"74,3176","74,3176"
13.08.2022,R01035,1,"74,4555","74,4555"
16.08.2022,R01035,1,"74,3739","74,3739"
17.08.2022,R01035,1,"74,2010","74,201"
18.08.2022,R01035,1,"73,4834","73,4834"
19.08.2022,R01035,1,"72,2122","72,2122"
20.08.2022,R01035,1,"70,9763","70,9763"
23.08.2022,R01035,1,"70,5253","70,5253"
24.08.2022,R01035,1,"70,6177","70,6177"
25.08.2022,R01035,1,"71,1089","71,1089"
26.08.2022,R01035,1,"70,6361","70,6361"
27.08.2022,R01035,1,"71,0653","71,0653"
30.08.2022,R01035,1,"71,3860","71,386"
31.08.2022,R01035,1,"71,1856","71,1856"
01.09.2022,R01035,1,"70,0635","70,0635"
02.09.2022,R01035,1,"70,1038","70,1038"
03.09.2022,R01035,1,"69,5840","69,584"
06.09.2022,R01035,1,"70,1971","70,1971"
07.09.2022,R01035,1,"70,0252","70,0252"
08.09.2022,R01035,1,"70,5360","70,536"
09.09.2022,R01035,1,"69,7205","69,7205"
10.09.2022,R01035,1,"69,4856","69,4856"
13.09.2022,R01035,1,"70,0271","70,0271"
14.09.2022,R01035,1,"70,3031","70,3031"
15.09.2022,R01035,1,"68,9864","68,9864"
16.09.2022,R01035,1,"69,0936","69,0936"
17.09.2022,R01035,1,"68,9763","68,9763"
20.09.2022,R01035,1,"69,1310","69,131"
21.09.2022,R01035,1,"68,6041","68,6041"
22.09.2022,R01035,1,"69,4814","69,4814"
23.09.2022,R01035,1,"67,8074","67,8074"
24.09.2022,R01035,1,"65,4503","65,4503"
27.09.2022,R01035,1,"63,2015","63,2015"
28.09.2022,R01035,1,"62,7540","62,754"
29.09.2022,R01035,1,"62,9724","62,9724"
30.09.2022,R01035,1,"61,6903","61,6903"
01.10.2022,R01035,1,"61,0166","61,0166"
04.10.2022,R01035,1,"64,3017","64,3017"
05.10.2022,R01035,1,"66,3166","66,3166"
06.10.2022,R01035,1,"67,7447","67,7447"
07.10.2022,R01035,1,"67,7549","67,7549"
08.10.2022,R01035,1,"68,5911","68,5911"
11.10.2022,R01035,1,"69,2729","69,2729"
12.10.2022,R01035,1,"70,3581","70,3581"
13.10.2022,R01035,1,"70,6607","70,6607"
14.10.2022,R01035,1,"70,2980","70,298"
15.10.2022,R01035,1,"70,8558","70,8558"
18.10.2022,R01035,1,"69,4900","69,49"
19.10.2022,R01035,1,"70,5514","70,5514"
20.10.2022,R01035,1,"69,7328","69,7328"
21.10.2022,R01035,1,"69,2510","69,251"
22.10.2022,R01035,1,"69,2675","69,2675"
25.10.2022,R01035,1,"68,0498","68,0498"
26.10.2022,R01035,1,"69,3917","69,3917"
27.10.2022,R01035,1,"70,3839","70,3839"
28.10.2022,R01035,1,"71,1763","71,1763"
29.10.2022,R01035,1,"71,2629","71,2629"
01.11.2022,R01035,1,"71,4333","71,4333"
02.11.2022,R01035,1,"70,7276","70,7276"
03.11.2022,R01035,1,"70,6137","70,6137"
04.11.2022,R01035,1,"71,1801","71,1801"
08.11.2022,R01035,1,"69,0566","69,0566"
09.11.2022,R01035,1,"69,9167","69,9167"
10.11.2022,R01035,1,"70,6111","70,6111"
11.11.2022,R01035,1,"69,6582","69,6582"
12.11.2022,R01035,1,"70,3225","70,3225"
15.11.2022,R01035,1,"71,1128","71,1128"
16.11.2022,R01035,1,"70,7395","70,7395"
17.11.2022,R01035,1,"71,7844","71,7844"
18.11.2022,R01035,1,"71,7970","71,797"
19.11.2022,R01035,1,"71,1086","71,1086"
22.11.2022,R01035,1,"72,4421","72,4421"
23.11.2022,R01035,1,"71,4899","71,4899"
24.11.2022,R01035,1,"71,8791","71,8791"
25.11.2022,R01035,1,"72,8564","72,8564"
26.11.2022,R01035,1,"73,4345","73,4345"
29.11.2022,R01035,1,"73,4795","73,4795"
30.11.2022,R01035,1,"73,5333","73,5333"
01.12.2022,R01035,1,"73,0685","73,0685"
02.12.2022,R01035,1,"72,8394","72,8394"
03.12.2022,R01035,1,"75,7793","75,7793"
06.12.2022,R01035,1,"75,9651","75,9651"
07.12.2022,R01035,1,"76,8638","76,8638"
08.12.2022,R01035,1,"76,9281","76,9281"
09.12.2022,R01035,1,"76,3256","76,3256"
10.12.2022,R01035,1,"76,2237","76,2237"
13.12.2022,R01035,1,"77,1725","77,1725"
14.12.2022,R01035,1,"77,4537","77,4537"
15.12.2022,R01035,1,"78,5335","78,5335"
16.12.2022,R01035,1,"79,7596","79,7596"
17.12.2022,R01035,1,"78,9507","78,9507"
20.12.2022,R01035,1,"80,6320","80,632"
21.12.2022,R01035,1,"83,7015","83,7015"
22.12.2022,R01035,1,"85,6110","85,611"
23.12.2022,R01035,1,"87,3429","87,3429"
24.12.2022,R01035,1,"82,6172","82,6172"
27.12.2022,R01035,1,"82,3438","82,3438"
28.12.2022,R01035,1,"84,1313","84,1313"
29.12.2022,R01035,1,"85,8053","85,8053"
30.12.2022,R01035,1,"86,6397","86,6397"
31.12.2022,R01035,1,"84,7919","84,7919"
10.01.2023,R01035,1,"84,6907","84,6907"
11.01.2023,R01035,1,"84,8747","84,8747"
12.01.2023,R01035,1,"83,8457","83,8457"
13.01.2023,R01035,1,"82,2141","82,2141"
14.01.2023,R01035,1,"82,2853","82,2853"
17.01.2023,R01035,1,"83,4153","83,4153"
18.01.2023,R01035,1,"83,8118","83,8118"
19.01.2023,R01035,1,"84,5758","84,5758"
20.01.2023,R01035,1,"85,3286","85,3286"
21.01.2023,R01035,1,"84,8638","84,8638"
24.01.2023,R01035,1,"84,8870","84,887"
25.01.2023,R01035,1,"85,0336","85,0336"
26.01.2023,R01035,1,"84,9209","84,9209"
27.01.2023,R01035,1,"85,4263","85,4263"
28.01.2023,R01035,1,"85,6730","85,673"
31.01.2023,R01035,1,"86,0027","86,0027"
01.02.2023,R01035,1,"87,2935","87,2935"
02.02.2023,R01035,1,"86,2988","86,2988"
03.02.2023,R01035,1,"86,3330","86,333"
04.02.2023,R01035,1,"86,5591","86,5591"
07.02.2023,R01035,1,"85,4602","85,4602"
08.02.2023,R01035,1,"85,1630","85,163"
09.02.2023,R01035,1,"85,9989","85,9989"
10.02.2023,R01035,1,"88,0352","88,0352"
11.02.2023,R01035,1,"88,5809","88,5809"
14.02.2023,R01035,1,"88,9017","88,9017"
15.02.2023,R01035,1,"89,6493","89,6493"
16.02.2023,R01035,1,"90,2069","90,2069"
17.02.2023,R01035,1,"89,7390","89,739"
18.02.2023,R01035,1,"89,7928","89,7928"
21.02.2023,R01035,1,"88,8370","88,837"
22.02.2023,R01035,1,"90,0411","90,0411"
23.02.2023,R01035,1,"90,6889","90,6889"
28.02.2023,R01035,1,"90,0737","90,0737"
01.03.2023,R01035,1,"90,1040","90,104"
02.03.2023,R01035,1,"91,1067","91,1067"
03.03.2023,R01035,1,"90,6203","90,6203"
04.03.2023,R01035,1,"90,2039","90,2039"
07.03.2023,R01035,1,"90,3938","90,3938"
08.03.2023,R01035,1,"90,5643","90,5643"
10.03.2023,R01035,1,"89,8461","89,8461"
11.03.2023,R01035,1,"90,3086","90,3086"
14.03.2023,R01035,1,"91,3228","91,3228"
15.03.2023,R01035,1,"91,4268","91,4268"
16.03.2023,R01035,1,"92,0007","92,0007"
17.03.2023,R01035,1,"91,9053","91,9053"
18.03.2023,R01035,1,"92,7603","92,7603"
21.03.2023,R01035,1,"93,7720","93,772"
22.03.2023,R01035,1,"94,1641","94,1641"
23.03.2023,R01035,1,"93,8557","93,8557"
24.03.2023,R01035,1,"93,3390","93,339"
25.03.2023,R01035,1,"94,1532","94,1532"
28.03.2023,R01035,1,"93,5945","93,5945"
29.03.2023,R01035,1,"94,0114","94,0114"
30.03.2023,R01035,1,"94,8909","94,8909"
31.03.2023,R01035,1,"94,9009","94,9009"
01.04.2023,R01035,1,"95,7262","95,7262"
04.04.2023,R01035,1,"96,3786","96,3786"
05.04.2023,R01035,1,"98,3780","98,378"
06.04.2023,R01035,1,"99,4973","99,4973"
07.04.2023,R01035,1,"100,4358","100,4358"
08.04.2023,R01035,1,"102,5865","102,5865"
11.04.2023,R01035,1,"101,7714","101,7714"
12.04.2023,R01035,1,"102,1825","102,1825"
13.04.2023,R01035,1,"102,0503","102,0503"
14.04.2023,R01035,1,"101,8171","101,8171"
15.04.2023,R01035,1,"101,9621","101,9621"
18.04.2023,R01035,1,"101,5778","101,5778"
19.04.2023,R01035,1,"100,9019","100,9019"
20.04.2023,R01035,1,"101,4807","101,4807"
21.04.2023,R01035,1,"101,6154","101,6154"
22.04.2023,R01035,1,"101,5156","101,5156"
25.04.2023,R01035,1,"100,7641","100,7641"
26.04.2023,R01035,1,"101,5786","101,5786"
27.04.2023,R01035,1,"101,2343","101,2343"
28.04.2023,R01035,1,"101,7218","101,7218"
29.04.2023,R01035,1,"100,5883","100,5883"
03.05.2023,R01035,1,"100,4789","100,4789"
04.05.2023,R01035,1,"98,9118","98,9118"
05.05.2023,R01035,1,"98,5268","98,5268"
06.05.2023,R01035,1,"96,5790","96,579"
11.05.2023,R01035,1,"96,7251","96,7251"
12.05.2023,R01035,1,"95,7512","95,7512"
13.05.2023,R01035,1,"96,6827","96,6827"
16.05.2023,R01035,1,"98,6936","98,6936"
17.05.2023,R01035,1,"100,0547","100,0547"
18.05.2023,R01035,1,"100,9068","100,9068"
19.05.2023,R01035,1,"99,7736","99,7736"
20.05.2023,R01035,1,"99,1595","99,1595"
23.05.2023,R01035,1,"99,4108","99,4108"
24.05.2023,R01035,1,"99,5908","99,5908"
25.05.2023,R01035,1,"99,3189","99,3189"
26.05.2023,R01035,1,"98,9163","98,9163"
27.05.2023,R01035,1,"98,8149","98,8149"
30.05.2023,R01035,1,"98,9246","98,9246"
31.05.2023,R01035,1,"99,5035","99,5035"
01.06.2023,R01035,1,"100,5219","100,5219"
02.06.2023,R01035,1,"100,3489","100,3489"
03.06.2023,R01035,1,"101,2886","101,2886"
06.06.2023,R01035,1,"101,5398","101,5398"
07.06.2023,R01035,1,"100,8315","100,8315"
08.06.2023,R01035,1,"101,0732","101,0732"
09.06.2023,R01035,1,"102,3043","102,3043"
10.06.2023,R01035,1,"103,5914","103,5914"
14.06.2023,R01035,1,"104,6343","104,6343"
15.06.2023,R01035,1,"106,2831","106,2831"
16.06.2023,R01035,1,"106,5970","106,597"
17.06.2023,R01035,1,"106,5949","106,5949"
20.06.2023,R01035,1,"107,6036","107,6036"
21.06.2023,R01035,1,"107,7853","107,7853"
22.06.2023,R01035,1,"107,2882","107,2882"
23.06.2023,R01035,1,"106,4410","106,441"
24.06.2023,R01035,1,"107,1002","107,1002"
27.06.2023,R01035,1,"107,6167","107,6167"
28.06.2023,R01035,1,"108,0906","108,0906"
29.06.2023,R01035,1,"109,1302","109,1302"
30.06.2023,R01035,1,"109,7848","109,7848"
01.07.2023,R01035,1,"111,5234","111,5234"
04.07.2023,R01035,1,"113,5684","113,5684"
05.07.2023,R01035,1,"113,6237","113,6237"
06.07.2023,R01035,1,"114,9641","114,9641"
07.07.2023,R01035,1,"117,7114","117,7114"
08.07.2023,R01035,1,"116,4070","116,407"
11.07.2023,R01035,1,"117,3399","117,3399"
12.07.2023,R01035,1,"115,9815","115,9815"
13.07.2023,R01035,1,"116,8794","116,8794"
14.07.2023,R01035,1,"117,2014","117,2014"
15.07.2023,R01035,1,"118,1821","118,1821"
18.07.2023,R01035,1,"118,5971","118,5971"
19.07.2023,R01035,1,"118,6414","118,6414"
20.07.2023,R01035,1,"119,3047","119,3047"
21.07.2023,R01035,1,"117,0660","117,066"
22.07.2023,R01035,1,"116,1532","116,1532"
25.07.2023,R01035,1,"116,2331","116,2331"
26.07.2023,R01035,1,"115,4741","115,4741"
27.07.2023,R01035,1,"115,7642","115,7642"
28.07.2023,R01035,1,"116,3361","116,3361"
29.07.2023,R01035,1,"116,8980","116,898"
01.08.2023,R01035,1,"117,8243","117,8243"
02.08.2023,R01035,1,"118,0508","118,0508"
03.08.2023,R01035,1,"118,4837","118,4837"
04.08.2023,R01035,1,"118,9964","118,9964"
05.08.2023,R01035,1,"120,3772","120,3772"
08.08.2023,R01035,1,"123,1903","123,1903"
09.08.2023,R01035,1,"122,7076","122,7076"
10.08.2023,R01035,1,"123,9122","123,9122"
11.08.2023,R01035,1,"123,8561","123,8561"
12.08.2023,R01035,1,"125,0661","125,0661"
15.08.2023,R01035,1,"128,4520","128,452"
16.08.2023,R01035,1,"123,3456","123,3456"
17.08.2023,R01035,1,"123,2499","123,2499"
18.08.2023,R01035,1,"119,5543","119,5543"
19.08.2023,R01035,1,"119,1564","119,1564"
22.08.2023,R01035,1,"119,7115","119,7115"
23.08.2023,R01035,1,"119,7846","119,7846"
24.08.2023,R01035,1,"120,2437","120,2437"
25.08.2023,R01035,1,"119,7284","119,7284"
26.08.2023,R01035,1,"119,7914","119,7914"
29.08.2023,R01035,1,"120,7526","120,7526"
30.08.2023,R01035,1,"120,1506","120,1506"
31.08.2023,R01035,1,"120,7641","120,7641"
01.09.2023,R01035,1,"122,6048","122,6048"
02.09.2023,R01035,1,"122,0931","122,0931"
05.09.2023,R01035,1,"121,9247","121,9247"
06.09.2023,R01035,1,"123,0738","123,0738"
07.09.2023,R01035,1,"122,8332","122,8332"
08.09.2023,R01035,1,"122,6567","122,6567"
09.09.2023,R01035,1,"122,1701","122,1701"
12.09.2023,R01035,1,"120,4906","120,4906"
13.09.2023,R01035,1,"118,6540","118,654"
14.09.2023,R01035,1,"119,6479","119,6479"
15.09.2023,R01035,1,"120,1050","120,105"
16.09.2023,R01035,1,"119,9709","119,9709"
19.09.2023,R01035,1,"119,7942","119,7942"
20.09.2023,R01035,1,"119,1248","119,1248"
21.09.2023,R01035,1,"119,8247","119,8247"
22.09.2023,R01035,1,"119,1153","119,1153"
23.09.2023,R01035,1,"118,0163","118,0163"
26.09.2023,R01035,1,"117,9226","117,9226"
27.09.2023,R01035,1,"117,3909","117,3909"
28.09.2023,R01035,1,"117,4212","117,4212"
29.09.2023,R01035,1,"117,6632","117,6632"
30.09.2023,R01035,1,"118,8265","118,8265"
03.10.2023,R01035,1,"120,2127","120,2127"
04.10.2023,R01035,1,"120,3323","120,3323"
05.10.2023,R01035,1,"120,1422","120,1422"
06.10.2023,R01035,1,"120,7577","120,7577"
07.10.2023,R01035,1,"122,1972","122,1972"
10.10.2023,R01035,1,"123,5373","123,5373"
11.10.2023,R01035,1,"122,0205","122,0205"
12.10.2023,R01035,1,"122,5465","122,5465"
13.10.2023,R01035,1,"119,4200","119,42"
14.10.2023,R01035,1,"118,8514","118,8514"
17.10.2023,R01035,1,"118,1155","118,1155"
18.10.2023,R01035,1,"118,6548","118,6548"
19.10.2023,R01035,1,"118,6191","118,6191"
20.10.2023,R01035,1,"118,1896","118,1896"
21.10.2023,R01035,1,"116,4578","116,4578"
24.10.2023,R01035,1,"115,0703","115,0703"
25.10.2023,R01035,1,"114,1721","114,1721"
26.10.2023,R01035,1,"113,4389","113,4389"
27.10.2023,R01035,1,"113,6212","113,6212"
28.10.2023,R01035,1,"112,9888","112,9888"
31.10.2023,R01035,1,"113,2069","113,2069"
01.11.2023,R01035,1,"111,8627","111,8627"
02.11.2023,R01035,1,"113,1861","113,1861"
03.11.2023,R01035,1,"112,9816","112,9816"
04.11.2023,R01035,1,"113,2516","113,2516"
08.11.2023,R01035,1,"114,5670","114,567"
09.11.2023,R01035,1,"113,4488","113,4488"
10.11.2023,R01035,1,"113,0329","113,0329"
11.11.2023,R01035,1,"113,1061","113,1061"
14.11.2023,R01035,1,"112,3661","112,3661"
15.11.2023,R01035,1,"111,8172","111,8172"
16.11.2023,R01035,1,"111,4181","111,4181"
17.11.2023,R01035,1,"110,6851","110,6851"
18.11.2023,R01035,1,"110,9055","110,9055"
21.11.2023,R01035,1,"110,0263","110,0263"
22.11.2023,R01035,1,"109,7761","109,7761"
23.11.2023,R01035,1,"110,4969","110,4969"
24.11.2023,R01035,1,"109,7983","109,7983"
25.11.2023,R01035,1,"111,2919","111,2919"
28.11.2023,R01035,1,"111,8386","111,8386"
29.11.2023,R01035,1,"111,7109","111,7109"
30.11.2023,R01035,1,"112,7317","112,7317"
01.12.2023,R01035,1,"112,4724","112,4724"
02.12.2023,R01035,1,"113,6027","113,6027"
05.12.2023,R01035,1,"114,5651","114,5651"
06.12.2023,R01035,1,"115,5036","115,5036"
07.12.2023,R01035,1,"117,0267","117,0267"
08.12.2023,R01035,1,"116,5676","116,5676"
09.12.2023,R01035,1,"115,2284","115,2284"
12.12.2023,R01035,1,"114,1584","114,1584"
13.12.2023,R01035,1,"113,2299","113,2299"
14.12.2023,R01035,1,"112,9141","112,9141"
15.12.2023,R01035,1,"112,3258","112,3258"
16.12.2023,R01035,1,"114,4529","114,4529"
19.12.2023,R01035,1,"114,8195","114,8195"
20.12.2023,R01035,1,"113,9150","113,915"
21.12.2023,R01035,1,"115,1677","115,1677"
22.12.2023,R01035,1,"116,1734","116,1734"
23.12.2023,R01035,1,"116,3579","116,3579"
26.12.2023,R01035,1,"116,3960","116,396"
27.12.2023,R01035,1,"116,0643","116,0643"
28.12.2023,R01035,1,"116,0620","116,062"
29.12.2023,R01035,1,"115,4899","115,4899"
30.12.2023,R01035,1,"114,5320","114,532"
10.01.2024,R01035,1,"115,2651","115,2651"
11.01.2024,R01035,1,"113,5660","113,566"
12.01.2024,R01035,1,"113,0725","113,0725"
13.01.2024,R01035,1,"112,0515","112,0515"
16.01.2024,R01035,1,"111,8849","111,8849"
17.01.2024,R01035,1,"111,5817","111,5817"
18.01.2024,R01035,1,"111,9003","111,9003"
19.01.2024,R01035,1,"112,2271","112,2271"
20.01.2024,R01035,1,"112,2607","112,2607"
23.01.2024,R01035,1,"111,5490","111,549"
24.01.2024,R01035,1,"111,8429","111,8429"
25.01.2024,R01035,1,"111,8191","111,8191"
26.01.2024,R01035,1,"113,0633","113,0633"
27.01.2024,R01035,1,"113,6852","113,6852"
30.01.2024,R01035,1,"114,0095","114,0095"
31.01.2024,R01035,1,"113,2002","113,2002"
01.02.2024,R01035,1,"113,5732","113,5732"
02.02.2024,R01035,1,"114,8897","114,8897"
03.02.2024,R01035,1,"114,9783","114,9783"
06.02.2024,R01035,1,"115,4868","115,4868"
07.02.2024,R01035,1,"113,5457","113,5457"
08.02.2024,R01035,1,"114,6411","114,6411"
09.02.2024,R01035,1,"115,2747","115,2747"
10.02.2024,R01035,1,"114,5670","114,567"
13.02.2024,R01035,1,"115,0470","115,047"
14.02.2024,R01035,1,"115,0560","115,056"
15.02.2024,R01035,1,"115,2130","115,213"
16.02.2024,R01035,1,"115,2296","115,2296"
17.02.2024,R01035,1,"116,4732","116,4732"
20.02.2024,R01035,1,"116,2890","116,289"
21.02.2024,R01035,1,"116,2397","116,2397"
22.02.2024,R01035,1,"117,0459","117,0459"
23.02.2024,R01035,1,"116,9787","116,9787"
27.02.2024,R01035,1,"117,4297","117,4297"
28.02.2024,R01035,1,"116,7467","116,7467"
29.02.2024,R01035,1,"116,5177","116,5177"
01.03.2024,R01035,1,"114,9428","114,9428"
02.03.2024,R01035,1,"115,5370","115,537"
05.03.2024,R01035,1,"115,5803","115,5803"
06.03.2024,R01035,1,"115,7555","115,7555"
07.03.2024,R01035,1,"115,0224","115,0224"
08.03.2024,R01035,1,"115,6418","115,6418"
12.03.2024,R01035,1,"116,7343","116,7343"
13.03.2024,R01035,1,"116,3741","116,3741"
14.03.2024,R01035,1,"117,0310","117,031"
15.03.2024,R01035,1,"117,2665","117,2665"
16.03.2024,R01035,1,"117,1067","117,1067"
19.03.2024,R01035,1,"117,1862","117,1862"
20.03.2024,R01035,1,"117,4292","117,4292"
21.03.2024,R01035,1,"117,8133","117,8133"
22.03.2024,R01035,1,"116,8775","116,8775"
23.03.2024,R01035,1,"117,3206","117,3206"
26.03.2024,R01035,1,"116,9072","116,9072"
27.03.2024,R01035,1,"117,0605","117,0605"
28.03.2024,R01035,1,"116,9251","116,9251"
29.03.2024,R01035,1,"116,5187","116,5187"
30.03.2024,R01035,1,"116,6490","116,649"
02.04.2024,R01035,1,"116,5548","116,5548"
